Sample	read_type	chromosome:	number_chunks	chunking_time	aggregating_time	filtering_time	saving_raw_time	classifying_time	saving_bed_time	total_time	time_per_chunk	number_dark_regions	percent_dark_regions	node_of_execution	job_id	peak_RAM_GB	job_time	cores	window_size	filtering_depth	filtering_mapq	filtering_phred	
COLO829_SR	short	1	249	184	22673	10074	281	32.2	20458	53702.2	215.6714859	32937	8.664202685	30	11527275.hpcpbs02	205.607	16:09:00	40	1000000	10	10	7	1
COLO829_SR	short	2	243	193	20550	9863	53	5.3	2872	33536.3	138.009465	29975	1.629157483	36	11527274.hpcpbs02	202.171196	10:17:00	40	1000000	10	10	7	2
COLO829_SR	short	3	199	72	5701	3636	10	1.28	322	9742.28	48.9561809	24354	0.9642117099	11	11527273.hpcpbs02	175.904848	2:53:00	40	1000000	10	10	7	3
COLO829_SR	short	4	191	182	10889	7298	31	3.1	1392	19795.1	103.639267	25896	1.201460635	35	11527272.hpcpbs02	171.885	6:02:00	40	1000000	10	10	7	4
COLO829_SR	short	5	182	185	12574	10671	63	6.2	1979	25478.2	139.9901099	20868	2.518725268	60	11527271.hpcpbs02	130.325024	7:44:00	40	1000000	10	10	7	5
COLO829_SR	short	6	171	179	9776	6824	29	2.9	1049	17859.9	104.4438596	20916	1.229290106	38	11527270.hpcpbs02	129.016	5:27:00	40	1000000	10	10	7	6
COLO829_SR	short	7	160	68	3638	2200	15	1.9	504	6426.9	40.168125	23544	2.105797176	52	11527268.hpcpbs02	130.430548	1:53:00	40	1000000	10	10	7	7
COLO829_SR	short	8	146	69	3064	2105	9	1.3	233	5481.3	37.54315068	18898	1.468496645	51	11527267.hpcpbs02	115.963772	1:36:00	40	1000000	10	10	7	8
COLO829_SR	short	9	139	72	2847	2333	92	14.9	5975	11333.9	81.53884892	21308	14.69511947	48	11527266.hpcpbs02	112.435572	3:15:00	40	1000000	10	10	7	9
COLO829_SR	short	10	134	67	2510	1938	9	1.4	240	4765.4	35.56268657	17516	0.9719239137	50	11527265.hpcpbs02	110.466536	1:24:00	40	1000000	10	10	7	10
COLO829_SR	short	11	136	71	2661	1844	9	1.3	280	4866.3	35.78161765	23151	0.8616206735	49	11527264.hpcpbs02	108.347096	1:26:00	40	1000000	10	10	7	11
COLO829_SR	short	12	134	69	2773	1956	5	0.7	150	4953.7	36.96791045	19788	0.494349971	47	11527263.hpcpbs02	109.237144	1:27:00	40	1000000	10	10	7	12
COLO829_SR	short	13	115	70	1965	1613	67	12	3914	7641	66.44347826	16733	6.821022275	44	11527262.hpcpbs02	94.746804	2:11:00	40	1000000	10	10	7	13
COLO829_SR	short	14	108	70	2120	1625	94	15.9	3465	7389.9	68.425	11073	7.591970052	42	11527261.hpcpbs02	86.364324	2:07:00	40	1000000	10	10	7	14
COLO829_SR	short	15	102	67	1463	1353	83	21.9	4924	7911.9	77.56764706	15202	8.337203288	45	11527260.hpcpbs02	83.72064	2:15:00	40	1000000	10	10	7	15
COLO829_SR	short	16	91	72	1281	1203	49	7.8	2347	4959.8	54.5032967	13192	4.564083509	43	11527259.hpcpbs02	79.025644	1:25:00	40	1000000	10	10	7	16
COLO829_SR	short	17	84	66	1116	1084	18	2.8	365	2651.8	31.56904762	13774	1.694135852	41	11527258.hpcpbs02	68.010432	0:46:00	40	1000000	10	10	7	17
COLO829_SR	short	18	81	69	1037	1005	15	1.6	293	2420.6	29.88395062	17966	1.128747344	40	11527257.hpcpbs02	65.353184	0:42:00	40	1000000	10	10	7	18
COLO829_SR	short	19	59	60	511	734	11	1.8	198	1515.8	25.69152542	7475	1.263101379	65	11527256.hpcpbs02	49.671624	0:26:00	40	1000000	10	10	7	19
COLO829_SR	short	20	65	57	554	704	8	1.1	160	1484.1	22.83230769	9848	0.9635893286	64	11527252.hpcpbs02	51.97538	0:26:00	40	1000000	10	10	7	20
COLO829_SR	short	21	47	56	523	463	37	6.1	564	1649.1	35.08723404	6870	4.680535044	63	11527249.hpcpbs02	44.697112	0:28:00	40	1000000	10	10	7	21
COLO829_SR	short	22	51	56	384	586	50	8.7	1163	2247.7	44.07254902	6189	6.015641731	63	11527047.hpcpbs02	46.6028	0:38:00	40	1000000	10	10	7	22
COLO829_SR	short	X	157	73	3907	2508	40	4.7	2500	9032.7	57.53312102	53138	4.599635884	19	11528908.hpcpbs02	125.302036	2:37:00	40	1000000	10	10	7	X
COLO829_SR	short	Y	58	76	838	782	207	41.3	4684	6628.3	114.2810345	5983	68.99531108	20	11528909.hpcpbs02	47.669244	1:53:00	40	1000000	10	10	7	Y
COLO829_SR	short	WG	3102	2203	115355	74402	1285	198.18	60031	253474.18	81.71314636	456594	N/A	N/A	N/A	2544.92896	75:27:00	N/A	N/A	N/A	N/A	N/A	WG
PAH-105BC_SR	short 	1	249	78	9730	3998	148	25.6	50527	64506.6	259.0626506	120642	12.52011888	17	11545357.hpcpbs02	204.164636	18:17:00	40	1000000	10	10	7	1
PAH-105BC_SR	short	2	243	108	11095	4573	109	14.2	49127	65026.2	267.5975309	159501	7.178406075	24	11545356.hpcpbs02	202.154724	18:23:00	40	1000000	10	10	7	2
PAH-105BC_SR	short	3	199	70	6104	4734	71	10.8	32325	43314.8	217.6623116	152623	7.544603659	48	11545355.hpcpbs02	165.907068	12:15:00	40	1000000	10	10	7	3
PAH-105BC_SR	short	4	191	205	10937	7409	234	23.4	87208	106016.4	555.0596859	174901	9.065181684	30	11545354.hpcpbs02	173.356844	30:09:00	40	1000000	10	10	7	4
PAH-105BC_SR	short	5	182	133	8974	5398	181	17.6	56981	71684.6	393.8714286	135065	9.066294946	31	11545353.hpcpbs02	159.49954	20:21:00	40	1000000	10	10	7	5
PAH-105BC_SR	short	6	171	67	4299	2366	54	7.5	9098	15891.5	92.93274854	119931	6.996042568	17	11545352.hpcpbs02	139.485024	4:35:00	40	1000000	10	10	7	6
PAH-105BC_SR	short	7	160	67	3354	2355	57	7.9	14445	20285.9	126.786875	103061	7.926092993	7	11545351.hpcpbs02	130.35604	5:46:00	40	1000000	10	10	7	7
PAH-105BC_SR	short	8	146	179	5976	5087	143	14.8	20376	31775.8	217.6424658	96558	7.388448242	36	11545350.hpcpbs02	119.292864	9:09:00	40	1000000	10	10	7	8
PAH-105BC_SR	short	9	139	184	7082	4857	361	48	59708	72240	519.7122302	76027	19.78286136	37	11545349.hpcpbs02	113.380708	20:27:00	40	1000000	10	10	7	9
PAH-105BC_SR	short	10	134	183	5100	4555	92	9.4	7930	17869.4	133.3537313	57663	2.798240328	30	11545348.hpcpbs02	110.433872	5:14:00	40	1000000	10	10	7	10
PAH-105BC_SR	short	11	136	178	5866	4763	145	14.8	18167	29133.8	214.2191176	92595	4.274155258	38	11545347.hpcpbs02	111.35484	8:22:00	40	1000000	10	10	7	11
PAH-105BC_SR	short	12	134	68	2311	1755	41	5.2	4539	8719.2	65.06865672	84180	3.612622614	7	11545346.hpcpbs02	109.947116	2:31:00	40	1000000	10	10	7	12
PAH-105BC_SR	short	13	115	63	1747	1497	100	16	26273	29696	258.226087	76769	9.339638565	22	11545345.hpcpbs02	94.883348	8:20:00	40	1000000	10	10	7	13
PAH-105BC_SR	short	14	108	108	2139	1883	135	20	23798	28083	260.0277778	54291	9.31972986	24	11545344.hpcpbs02	87.579548	7:53:00	40	1000000	10	10	7	14
PAH-105BC_SR	short	15	102	69	1515	1308	95	15.5	9810	12812.5	125.6127451	32334	9.183892834	17	11545343.hpcpbs02	84.81002	3:37:00	40	1000000	10	10	7	15
PAH-105BC_SR	short	16	91	185	3007	2935	181	19.1	9863	16190.1	177.9131868	25426	5.577472109	60	11545342.hpcpbs02	78.374256	4:37:00	40	1000000	10	10	7	16
PAH-105BC_SR	short	17	84	184	2340	2821	75	8	1999	7427	88.41666667	17342	2.340291507	37	11545341.hpcpbs02	67.992236	2:10:00	40	1000000	10	10	7	17
PAH-105BC_SR	short	18	81	178	2193	2634	120	11.9	9334	14470.9	178.6530864	54694	3.62338273	39	11545340.hpcpbs02	65.643064	4:07:00	40	1000000	10	10	7	18
PAH-105BC_SR	short	19	59	201	1138	1819	45	4.7	390	3597.7	60.9779661	5003	1.452985615	38	11545339.hpcpbs02	49.735904	1:02:00	40	1000000	10	10	7	19
PAH-105BC_SR	short	20	65	182	1297	1941	53	5	2081	5559	85.52307692	23886	1.653104448	30	11545338.hpcpbs02	53.759988	1:36:00	40	1000000	10	10	7	20
PAH-105BC_SR	short	21	47	179	1396	1283	156	18.8	7430	10462.8	222.612766	21562	5.246061302	36	11545337.hpcpbs02	44.552852	2:56:00	40	1000000	10	10	7	21
PAH-105BC_SR	short	22	51	69	440	567	63	10.4	1321	2470.4	48.43921569	5965	6.237537007	22	11545336.hpcpbs02	46.51974	0:42:00	40	1000000	10	10	7	22
PAH-105BC_SR	short	X	157							0	0			22	11547224.hpcpbs02			40	1000000	10	10	7	X
PAH-105BC_SR	short	Y	58	178	1388	1600	557	78.7	84852	88653.7	1528.512069	59526	78.05166283	60	11547225.hpcpbs02	48.406132	24:46:00	40	1000000	10	10	7	Y
PAH-105BC_SR	short	WG	3102	3116	99428	72138	3216	407.3	587582	765887.3	246.9011283	1749545	N/A	N/A	N/A	2461.590364	217:15:00	N/A	N/A	N/A	N/A	N/A	WG
PAH-105TM_SR	short 	1	249	72	11134	4806	99	15.7	2688	18814.7	75.56104418	8385	8.682605504	49	11550222.hpcpbs02	205.65532	5:34:00	40	1000000	10	10	7	1
PAH-105TM_SR	short	2	243	73	9113	4298	15	2.4	155	13656.4	56.19917695	5415	1.558393412	40	11550221.hpcpbs02 	200.874144	4:06:00	40	1000000	10	10	7	2
PAH-105TM_SR	short	3	199	74	7180	3805	8	1.2	55	11123.2	55.89547739	4394	0.8468258233	50	11550220.hpcpbs02	175.912084	3:16:00	40	1000000	10	10	7	3
PAH-105TM_SR	short	4	191	69	6361	3623	10	1.5	72	10136.5	53.07068063	4306	1.114630792	46	11550219.hpcpbs02	171.15092	3:00:00	40	1000000	10	10	7	4
PAH-105TM_SR	short	5	182	67	4549	2536	20	3	120	7295	40.08241758	3796	2.571795073	2	11550218.hpcpbs02	156.374172	2:10:00	40	1000000	10	10	7	5
PAH-105TM_SR	short	6	171	68	4203	2635	7	1	33	6947	40.62573099	2485	0.9825458159	51	11550216.hpcpbs02 	138.067336	2:05:00	40	1000000	10	10	7	6
PAH-105TM_SR	short	7	160	68	3904	2558	15	2.3	127	6674.3	41.714375	6143	2.113034887	41	11550215.hpcpbs02	129.899076	1:58:00	40	1000000	10	10	7	7
PAH-105TM_SR	short	8	146	72	3302	2409	12	1.6	79	5875.6	40.24383562	4185	1.623823997	47	11550214.hpcpbs02	118.998128	1:44:00	40	1000000	10	10	7	8
PAH-105TM_SR	short	9	139	72	3508	2438	93	19.8	2600	8730.8	62.81151079	8612	14.87432067	44	11550213.hpcpbs02	112.461276	2:32:00	40	1000000	10	10	7	9
PAH-105TM_SR	short	10	134	61	2163	1598	8	1	51	3882	28.97014925	2797	0.8941645217	62	11550212.hpcpbs02	109.632388	1:09:00	40	1000000	10	10	7	10
PAH-105TM_SR	short	11	136	177	7380	4746	24	2.3	324	12653.3	93.03897059	6679	0.7196251399	39	11550211.hpcpbs02	111.446912	3:44:00	40	1000000	10	10	7	11
PAH-105TM_SR	short	12	134	67	3537	2151	4	0.67	35	5794.67	43.24380597	4876	0.4202454356	43	11550210.hpcpbs02	109.304952	1:41:00	40	1000000	10	10	7	12
PAH-105TM_SR	short	13	115	182	5010	3906	207	32.4	1714	11051.4	96.09913043	3634	6.7803509	36	11550209.hpcpbs02	95.616488	3:19:00	40	1000000	10	10	7	13
PAH-105TM_SR	short	14	108	68	1808	1427	79	13.9	295	3690.9	34.175	871	7.540722529	46	11550208.hpcpbs02	87.216904	1:05:00	40	1000000	10	10	7	14
PAH-105TM_SR	short	15	102	70	1646	1558	96	16.3	1587	4973.3	48.75784314	4914	8.189161314	49	11550207.hpcpbs02	85.125752	1:26:00	40	1000000	10	10	7	15
PAH-105TM_SR	short	16	91	71	1569	1511	55	8.5	366	3580.5	39.34615385	4256	4.658957141	47	11550206.hpcpbs02	79.166144	1:03:00	40	1000000	10	10	7	16
PAH-105TM_SR	short	17	84	65	1137	1022	18	2.7	106	2350.7	27.98452381	3569	1.764898437	43	11550205.hpcpbs02 	65.518668	0:41:00	40	1000000	10	10	7	17
PAH-105TM_SR	short	18	81	71	1144	1241	17	2.1	185	2660.1	32.84074074	7650	1.415394297	46	11550204.hpcpbs02 	65.260052	0:47:00	40	1000000	10	10	7	18
PAH-105TM_SR	short	19	59	178	1613	1905	37	4.1	61	3798.1	64.37457627	715	1.254011837	39	11550203.hpcpbs02	50.054664	1:06:00	40	1000000	10	10	7	19
PAH-105TM_SR	short	20	65	204	1653	2077	25	2.5	165	4126.5	63.48461538	3616	0.7635959588	38	11550202.hpcpbs02	53.13422	1:11:00	40	1000000	10	10	7	20
PAH-105TM_SR	short	21	47	180	1983	1257	135	16.4	480	4051.4	86.2	1374	4.587956601	36	11550201.hpcpbs02	44.670688	1:09:00	40	1000000	10	10	7	21
PAH-105TM_SR	short	22	51	69	520	584	57	10.9	450	1690.9	33.15490196	2149	6.051463497	43	11550200.hpcpbs02	46.598284	0:29:00	40	1000000	10	10	7	22
PAH-105TM_SR	short	X	157	60	2955	2304	28	4	384	5735	36.52866242	7388	4.347114261	62	11550223.hpcpbs02	125.355732	1:42:00	40	1000000	10	10	7	X
PAH-105TM_SR	short	Y	58	180	2174	1659	503	66.2	11980	16562.2	285.5551724	10202	69.03027159	38	11550224.hpcpbs02	48.338528	4:41:00	40	1000000	10	10	7	Y
PAH-105TM_SR	short	WG	3102	2338	89546	58054	1572	232.47	24112	175854.47	56.69067376	112411	N/A	N/A	N/A	2585.832832	51:38:00	N/A	N/A	N/A	N/A	N/A	WG
PAH-105TM_SR_phred_20	short 	1	332	110	15766	4647	128	20.8	4070	24741.8	74.52349398	9604	8.683240154	24	11554260.hpcpbs02	208.210708	7:11:00	40	750000	10	10	20	1
PAH-105TM_SR_phred_20	short 	2	323	138	20978	7656	41	4.5	418	29558.5	91.5123839	6437	1.558961553	31	11554262.hpcpbs02	204.281336	8:53:00	40	750000	10	10	20	2
PAH-105TM_SR_phred_20	short 	3	265	618	15298	12313	94	7.8	746	29341.8	110.7237736	5263	0.8473533187	34	11554263.hpcpbs02	179.443892	8:47:00	40	750000	10	10	20	3
PAH-105TM_SR_phred_20	short 	4	254	182	17104	7483	29	3	269	25324	99.7007874	5117	1.115144948	30	11554264.hpcpbs02	175.028912	7:27:00	40	750000	10	10	20	4
PAH-105TM_SR_phred_20	short 	5	243	76	8071	3202	23	3.4	153	11771.4	48.44197531	4512	2.572273209	7	11554266.hpcpbs02	161.487136	3:20:00	40	750000	10	10	20	5
PAH-105TM_SR_phred_20	short 	6	228	138	8405	4801	18	1.8	102	13693.8	60.06052632	3179	0.9830575076	31	11554267.hpcpbs02	139.469668	4:01:00	40	750000	10	10	20	6
PAH-105TM_SR_phred_20	short 	7	213	72	4672	2092	15	2.1	158	7224.1	33.91596244	7283	2.113964938	21	11554269.hpcpbs02	132.613664	2:03:00	40	750000	10	10	20	7
PAH-105TM_SR_phred_20	short 	8	194	68	3863	1945	10	1.3	76	6157.3	31.73865979	4804	1.624375883	21	11554271.hpcpbs02	117.931192	1:44:00	40	750000	10	10	20	8
PAH-105TM_SR_phred_20	short 	9	185	136	5805	3701	205	24.3	4869	14925.3	80.6772973	9234	14.87484165	31	11554273.hpcpbs02	115.35878	4:19:00	40	750000	10	10	20	9
PAH-105TM_SR_phred_20	short 	10	179	185	8811	4662	28	3.1	187	14055.1	78.52011173	3475	0.8945063486	37	11554274.hpcpbs02	112.254196	4:06:00	40	750000	10	10	20	10
PAH-105TM_SR_phred_20	short 	11	181	179	8248	4763	24	2.5	339	13736.5	75.89226519	7232	0.7198974767	39	11554289.hpcpbs02	113.292532	4:00:00	40	750000	10	10	20	11
PAH-105TM_SR_phred_20	short 	12	178	178	8740	4894	14	1.4	183	14188.4	79.71011236	5692	0.4206402838	38	11554290.hpcpbs02	111.873104	4:08:00	40	750000	10	10	20	12
PAH-105TM_SR_phred_20	short 	13	153	18	5504	3784	211	28.7	1835	11533.7	75.38366013	4003	6.780544508	37	11554292.hpcpbs02	97.900676	3:25:00	40	750000	10	10	20	13
PAH-105TM_SR_phred_20	short 	14	143	191	4724	3523	237	31.8	768	9617.8	67.25734266	1271	7.540933409	38	11554294.hpcpbs02	90.344932	2:48:00	40	750000	10	10	20	14
PAH-105TM_SR_phred_20	short 	15	136	97	2489	1561	106	16.5	1872	6277.5	46.15808824	5369	8.189401919	27	11554296.hpcpbs02	86.016712	1:45:00	30	750000	10	10	20	15
PAH-105TM_SR_phred_20	short 	16	121	95	2317	1282	59	8.6	1021	4903.6	40.52561983	4913	4.65926121	26	11554297.hpcpbs02	79.801256	1:22:00	30	750000	10	10	20	16
PAH-105TM_SR_phred_20	short 	17	112	96	1867	1346	23	3.1	149	3596.1	32.10803571	4061	1.76511012	28	11554298.hpcpbs02	68.553944	1:00:00	30	750000	10	10	20	17
PAH-105TM_SR_phred_20	short 	18	108	98	1714	1053	19	2.2	264	3258.2	30.16851852	8044	1.415564608	25	11554299.hpcpbs02	64.973172	0:54:00	30	750000	10	10	20	18
PAH-105TM_SR_phred_20	short 	19	79	179	1697	1797	39	5	117	3913	49.53164557	1125	1.254219504	38	11554300.hpcpbs02	49.736968	1:06:00	30	750000	10	10	20	19
PAH-105TM_SR_phred_20	short 	20	86	201	2452	2171	24	2.5	192	5128.5	59.63372093	4059	0.7638569072	39	11554302.hpcpbs02	53.571028	1:27:00	30	750000	10	10	20	20
PAH-105TM_SR_phred_20	short 	21	63	136	1335	998	109	12.8	268	2921.8	46.37777778	1608	4.588072624	31	11554303.hpcpbs02	40.069204	0:49:00	30	750000	10	10	20	21
PAH-105TM_SR_phred_20	short 	22	68	99	767	646	73	11.5	612	2276.5	33.47794118	2353	6.051561766	29	11554304.hpcpbs02	41.053464	0:38:00	30	750000	10	10	20	22
PAH-105TM_SR_phred_20	short 	X	209	73	4793	2452	35	5	426	7993	38.24401914	8811	4.348274214	17	11554305.hpcpbs02	129.881056	2:16:00	30	750000	10	10	20	X
PAH-105TM_SR_phred_20	short 	Y	77	197	2461	1587	494	63.7	13257	18136.7	235.5415584	10526	69.0309758	36	11554306.hpcpbs02	47.205612	5:06:00	30	750000	10	10	20	Y
PAH-105TM_SR_phred_20	short 	WG	4130	3560	157881	84359	2058	267.4	32351	280476.4	67.91196126	127975	N/A	N/A	N/A	2620.353144	82:35:00	N/A	N/A	N/A	N/A	N/A	WG
PAH-105BC_SR_phred_20	short	1	332	96	14777	5976	234	30	105943	127388	383.6987952	122549	12.52099976	N/A	11568461.hpcpbs02	N/A	N/A	30	750000	10	10	20	1
PAH-105BC_SR_phred_20	short	2	323	180	26921	10239	234	26.8	76638	114238.8	353.6804954	161327	7.17928306	N/A	11568464.hpcpbs02	N/A	N/A	30	750000	10	10	20	2
PAH-105BC_SR_phred_20	short	3	265	73	7947	4071	78	12.5	34916	47097.5	177.7264151	154117	7.545451888	N/A	11568469.hpcpbs02	N/A	N/A	30	750000	10	10	20	3
PAH-105BC_SR_phred_20	short	4	254	61	6064	2936	67	10.2	41324	50462.2	198.6700787	176316	9.066065423	N/A	11568473.hpcpbs02	N/A	N/A	30	750000	10	10	20	4
PAH-105BC_SR_phred_20	short	5	243	78	6167	2764	76	11.2	36847	45943.2	189.0666667	136447	9.067170794	N/A	11568481.hpcpbs02	N/A	N/A	30	750000	10	10	20	5
PAH-105BC_SR_phred_20	short	6	228	63	4515	2465	47	7.6	14096	21193.6	92.95438596	121211	6.996919001	N/A	11568489.hpcpbs02	N/A	N/A	30	750000	10	10	20	6
PAH-105BC_SR_phred_20	short	7	213	75	4911	2287	54	8.3	17151	24486.3	114.9591549	104522	7.927139144	N/A	11568491.hpcpbs02	N/A	N/A	30	750000	10	10	20	7
PAH-105BC_SR_phred_20	short	8	194	178	9450	5585	146	15.5	23982	39356.5	202.8685567	97689	7.389385277	N/A	11568493.hpcpbs02	N/A	N/A	30	750000	10	10	20	8
PAH-105BC_SR_phred_20	short	9	185	180	8761	5008	371	45.5	57781	72146.5	389.9810811	77073	19.78367715	N/A	11568495.hpcpbs02	N/A	N/A	30	750000	10	10	20	9
PAH-105BC_SR_phred_20	short	10	179	177	8602	4941	94	10.1	8077	21901.1	122.352514	58725	2.798718323	N/A	11568500.hpcpbs02	N/A	N/A	30	750000	10	10	20	10
PAH-105BC_SR_phred_20	short	11	181	203	8740	4918	144	14.2	23921	37940.2	209.6143646	93569	4.274622408	N/A	11568504.hpcpbs02	N/A	N/A	30	750000	10	10	20	11
PAH-105BC_SR_phred_20	short	12	178	97	4619	3002	73	7.7	9140	16938.7	95.16123596	85351	3.613181346	N/A	11568506.hpcpbs02	N/A	N/A	30	750000	10	10	20	12
PAH-105BC_SR_phred_20	short	13	153	74	2558	1710	110	21	31555	36028	235.4771242	77430	9.339973162	N/A	11568512.hpcpbs02	N/A	N/A	30	750000	10	10	20	13
PAH-105BC_SR_phred_20	short	14	143	76	2246	1713	115	22.4	21677	25849.4	180.765035	55013	9.32007249	N/A	11568516.hpcpbs02	N/A	N/A	30	750000	10	10	20	14
PAH-105BC_SR_phred_20	short	15	136	76	1767	1220	97	17.8	10755	13932.8	102.4470588	32918	9.184136652	N/A	11568531.hpcpbs02	N/A	N/A	30	750000	10	10	20	15
PAH-105BC_SR_phred_20	short	16	121	72	1669	1193	56	10	5577	8577	70.88429752	26269	5.577832814	N/A	11568534.hpcpbs02	N/A	N/A	30	750000	10	10	20	16
PAH-105BC_SR_phred_20	short	17	112	72	1447	1080	24	5	681	3309	29.54464286	18015	2.340605216	N/A	11568538.hpcpbs02	N/A	N/A	30	750000	10	10	20	17
PAH-105BC_SR_phred_20	short	18	108	72	1432	1159	43	7.2	3519	6232.2	57.70555556	55181	3.623601644	N/A	11568543.hpcpbs02	N/A	N/A	30	750000	10	10	20	18
PAH-105BC_SR_phred_20	short	19	79	106	997	1141	26	3.1	289	2562.1	32.43164557	5781	1.453337484	N/A	11568546.hpcpbs02	N/A	N/A	30	750000	10	10	20	19
PAH-105BC_SR_phred_20	short	20	86	304	4650	6416	213	19.4	6328	17930.4	208.4930233	24470	1.653386454	N/A	11568547.hpcpbs02	N/A	N/A	30	750000	10	10	20	20
PAH-105BC_SR_phred_20	short	21	63	121	857	975	117	17.2	6478	8565.2	135.9555556	21874	5.246207053	N/A	11568549.hpcpbs02	N/A	N/A	30	750000	10	10	20	21
PAH-105BC_SR_phred_20	short	22	68	190	1210	1440	181	25	2603	5649	83.07352941	6298	6.237688539	N/A	11568551.hpcpbs02	N/A	N/A	30	750000	10	10	20	22
PAH-105BC_SR_phred_20	short	X	N/A	N/A	N/A	N/A	N/A	N/A	N/A	N/A	N/A	N/A	N/A	N/A	N/A	N/A	N/A	N/A	N/A	N/A	N/A	N/A	X
PAH-105BC_SR_phred_20	short	Y	77	210	1806	1697	560	77.1	89266	93616.1	1215.793506	59848	78.0522884	N/A	11568558.hpcpbs02	N/A	N/A	30	750000	10	10	20	Y
PAH-105BC_SR_phred_20	short	WG	3921	2834	132113	73936	3160	424.8	628544	841343.8	214.5737822	1771993		N/A		N/A	N/A			N/A	N/A	N/A	WG
PAH-105BC_LR	long	1	249	67	8965	3884	142	28.8	237533	250619.8	1006.505221	360918	13.82003875	4	11732226.hpcpbs02	194.522028	69:55:25	5	1000000	10	N/A	7	1
PAH-105BC_LR	long	2	243	69	8639	3741	85	18.1	118620	131172.1	539.8028807	373977	8.986238026	57	11732225.hpcpbs02	189.51378	36:46:41	5	1000000	10	N/A	7	2
PAH-105BC_LR	long	3	199	97	9047	3843	105	16.1	101271	114379.1	574.7693467	311990	9.647173188	25	11746465.hpcpbs02	155.9886	31:57:02	5	1000000	10	N/A	7	3
PAH-105BC_LR	long	4	191	70	5609	2819	83	14.8	97888	106483.8	557.5068063	306165	11.390417	54	11732223.hpcpbs02	151.343224	29:49:51	5	1000000	10	N/A	7	4
PAH-105BC_LR	long	5	182	91	6386	2739	100	15.4	87445	96776.4	531.7384615	280479	10.97389559	17	11746160.hpcpbs02	143.400444	27:16:48	5	1000000	10	N/A	7	5
PAH-105BC_LR	long	6	171	70	4868	2728	66	11.6	66983	74726.6	436.9976608	272799	8.975360868	52	11732221.hpcpbs02	131.540984	20:53:00	5	1000000	10	N/A	7	6
PAH-105BC_LR	long	7	160	66	3765	1878	58	9.6	56822	62598.6	391.24125	253831	9.715430336	51	11732220.hpcpbs02	124.313976	17:30:00	5	1000000	10	N/A	7	7
PAH-105BC_LR	long	8	146	71	3279	1893	55	9.9	47204	52511.9	359.6705479	227794	9.635350301	48	11732219.hpcpbs02	110.285648	14:41:00	5	1000000	10	N/A	7	8
PAH-105BC_LR	long	9	139	71	3020	1954	109	24	84054	89232	641.9568345	188717	20.80426813	50	11732218.hpcpbs02	107.793332	24:56:00	5	1000000	10	N/A	7	9
PAH-105BC_LR	long	10	134	71	2868	1771	37	6	13458	18211	135.9029851	210293	3.840679394	49	11732217.hpcpbs02	103.177	5:08:00	5	1000000	10	N/A	7	10
PAH-105BC_LR	long	11	136	74	3087	1961	61	1.9	41665	46849.9	344.4845588	207281	5.529851726	44	11732216.hpcpbs02	106.217008	13:07:00	5	1000000	10	N/A	7	11
PAH-105BC_LR	long	12	134	72	3056	2024	51	8.5	17099	22310.5	166.4962687	207221	4.713713712	45	11732215.hpcpbs02	101.73242	6:16:00	5	1000000	10	N/A	7	12
PAH-105BC_LR	long	13	115	72	2301	1464	99	18.4	67142	71096.4	618.2295652	165484	10.30522844	43	11732188.hpcpbs02	90.72592	19:53:00	5	1000000	10	N/A	7	13
PAH-105BC_LR	long	14	108	72	1858	1253	94	17.7	53744	57038.7	528.1361111	138382	10.10456882	43	11732168.hpcpbs02	83.514408	15:55:00	5	1000000	10	N/A	7	14
PAH-105BC_LR	long	15	102	68	1707	1208	90	17.5	44882	47972.5	470.3186275	128504	9.435498314	40	11732167.hpcpbs02	80.04438	13:23:00	5	1000000	10	N/A	7	15
PAH-105BC_LR	long	16	91	74	1393	1056	54	10.2	27584	30171.2	331.5516484	137300	5.579939207	40	11732165.hpcpbs02	70.8842	8:25:00	5	1000000	10	N/A	7	16
PAH-105BC_LR	long	17	84	61	1110	909	20	3.5	6586	8689.5	103.4464286	126378	2.600087978	65	11732161.hpcpbs02	62.9179	2:28:00	5	1000000	10	N/A	7	17
PAH-105BC_LR	long	18	81	59	898	759	35	5.4	12175	13931.4	171.9925926	122235	4.306763374	64	11732157.hpcpbs02	61.584512	3:56:00	5	1000000	10	N/A	7	18
PAH-105BC_LR	long	19	59	58	653	521	12	1.8	2826	4071.8	69.01355932	93614	1.593387697	63	11732156.hpcpbs02	45.093208	1:08:00	3	1000000	10	N/A	7	19
PAH-105BC_LR	long	20	65	61	768	588	14	2.2	3505	4938.2	75.97230769	100761	1.879865254	63	11732155.hpcpbs02	49.816468	1:23:00	3	1000000	10	N/A	7	20
PAH-105BC_LR	long	21	47	59	444	420	39	7.3	10158	11127.3	236.7510638	62792	5.262480815	62	11732154.hpcpbs02	37.245184	3:06:00	3	1000000	10	N/A	7	21
PAH-105BC_LR	long	22	51	60	339	470	47	8.4	6705	7629.4	149.5960784	59605	6.35920541	64	11700766.hpcpbs02	39.4789	2:09:00	10	1000000	10	N/A	7	22
PAH-105BC_LR	long	X	157	N/A	N/A	N/A	N/A	N/A	N/A	N/A	N/A	N/A	N/A	N/A	N/A	N/A	N/A	N/A	N/A	N/A	N/A	N/A	X
PAH-105BC_LR	long	Y	58	N/A	N/A	N/A	N/A	N/A	N/A	N/A	N/A	N/A	N/A	N/A	N/A	N/A	N/A	N/A	N/A	N/A	N/A	N/A	Y
PAH-105BC_LR	long	WG	3102	1533	74060	39883	1456	257.1	1205349	1322538.1	426.3501289	4336520				2241.133524	370:02:47			N/A	N/A	N/A	WG
COLO829_LR	long	1	249	66	11712	3872	89	17.9	58666	74422.9	298.8871486	166122	9.554086538	44	11835548.hpcpbs02	195.189724	20:58:19	3	1000000	10	N/A	7	1
COLO829_LR	long	2	243	70	10477	3327	14	2.5	3707	17597.5	72.41769547	148619	1.679079956	46	11835547.hpcpbs02	189.517504	5:16:06	3	1000000	10	N/A	7	2
COLO829_LR	long	3	199	82	9337	3242	12	2	2488	15163	76.1959799	105972	1.504405855	42	11835546.hpcpbs02	157.808524	4:21:59	3	1000000	10	N/A	7	3
COLO829_LR	long	4	191	68	6827	2625	10	1.9	1847	11378.9	59.57539267	102480	1.58750102	45	11835545.hpcpbs02	152.589792	3:17:09	3	1000000	10	N/A	7	4
COLO829_LR	long	5	182	67	5673	2554	18	3.3	4874	13189.3	72.46868132	141375	2.946261041	43	11835544.hpcpbs02	146.108364	3:47:05	3	1000000	10	N/A	7	5
COLO829_LR	long	6	171	70	5421	2176	8	1.4	1593	9269.4	54.20701754	108903	1.44042967	41	11835543.hpcpbs02	132.377472	2:41:34	3	1000000	10	N/A	7	6
COLO829_LR	long	7	160	64	5373	1910	13	2.1	1845	9207.1	57.544375	82680	2.313917905	40	11835542.hpcpbs02	123.073104	2:39:20	3	1000000	10	N/A	7	7
COLO829_LR	long	8	146	68	4266	1723	10	1.6	1240	7308.6	50.05890411	77183	1.902683583	40	11835541.hpcpbs02	113.686736	2:06:27	3	1000000	10	N/A	7	8
COLO829_LR	long	9	139	59	3449	1618	60	11.6	19362	24559.6	176.6877698	76952	14.63457525	65	11835540.hpcpbs02	106.537008	6:57:45	3	1000000	10	N/A	7	9
COLO829_LR	long	10	134	60	2699	1364	8	1.3	2233	6365.3	47.50223881	108910	1.128220745	65	11835539.hpcpbs02	104.2846	1:52:16	3	1000000	10	N/A	7	10
COLO829_LR	long	11	136	56	3017	1293	11	1.8	2273	6651.8	48.91029412	81702	1.58085699	65	11835538.hpcpbs02	105.928164	1:56:19	3	1000000	10	N/A	7	11
COLO829_LR	long	12	134	59	2931	1446	8	1.5	1679	6124.5	45.70522388	85649	1.059311095	64	11835537.hpcpbs02	103.003068	1:47:54	3	1000000	10	N/A	7	12
COLO829_LR	long	13	115	60	2234	1225	52	9.4	11938	15518.4	134.9426087	53435	7.341766825	64	11835536.hpcpbs02	89.764384	4:25:09	3	1000000	10	N/A	7	13
COLO829_LR	long	14	108	64	2061	1068	56	9.9	12951	16209.9	150.0916667	55697	7.552527807	64	11835535.hpcpbs02	83.5842	4:35:37	3	1000000	10	N/A	7	14
COLO829_LR	long	15	102	57	1737	1026	61	10.9	17993	20884.9	204.7539216	70002	8.309726993	63	11835534.hpcpbs02	77.503832	5:52:16	3	1000000	10	N/A	7	15
COLO829_LR	long	16	91	58	1481	900	34	6.1	5605	8084.1	88.83626374	70033	4.592589301	63	11835533.hpcpbs02	69.867996	2:17:55	3	1000000	10	N/A	7	16
COLO829_LR	long	17	84	57	1429	758	14	2.5	2396	4656.5	55.43452381	69767	1.869165279	63	11835532.hpcpbs02	62.917876	1:19:20	3	1000000	10	N/A	7	17
COLO829_LR	long	18	81	54	1236	851	17	2.8	2344	4504.8	55.61481481	50969	2.224766469	63	11835531.hpcpbs02 	61.328976	1:17:11	3	1000000	10	N/A	7	18
COLO829_LR	long	19	59	59	838	521	9	1.4	1089	2517.4	42.66779661	48101	1.272930007	62	11835530.hpcpbs02	45.587592	0:43:02	3	1000000	10	N/A	7	19
COLO829_LR	long	20	65	57	1129	567	8	1.3	768	2530.3	38.92769231	34534	1.205999604	62	11835529.hpcpbs02	48.308656	0:43:26	3	1000000	10	N/A	7	20
COLO829_LR	long	21	47	58	576	404	27	4.7	1697	2766.7	58.86595745	24570	4.007678504	62	11835520.hpcpbs02	36.026992	0:47:01	3	1000000	10	N/A	7	21
COLO829_LR	long	22	51	61	787	493	41	8.3	4585	5975.3	117.1627451	26452	5.867841333	62	11835496.hpcpbs02	40.671612	1:40:54	3	1000000	10	N/A	7	22
COLO829_LR	long	X	157	69	5006	2324	32	4.8	3782	11217.8	71.45095541	65985	3.712748507	45	11937402.hpcpbs02	123.339276	3:15:53	3	1000000	10	N/A	7	X
COLO829_LR	long	Y	58	61	979	562	139	26	5664	7431	128.1206897	8537	99.53204771	63	11937407.hpcpbs02	45.656668	2:05:53	3	1000000	10	N/A	7	Y
COLO829_LR	long	WG	3102	1504	90675	37849	751	137	172619	303535	97.8513862	1864629				2414.66212	86:45:50						WG
COLO829_SR_phred20	short 	1	249	61	10888	3759	80	13.6	22948	37749.6	151.6048193	70771	8.847611089	64	11936685.hpcpbs02	205.623892	11:20:34	3	1000000	10	10	20	1
COLO829_SR_phred20	short	2	243	76	12873	4650	18	3.1	1864	19484.1	80.18148148	67287	1.813740449	45	11936691.hpcpbs02	201.035828	5:41:16	3	1000000	10	10	20	2
COLO829_SR_phred20	short	3	199	74	10629	4011	11	1.6	857	15583.6	78.30954774	54424	1.143787088	42	11936693.hpcpbs02 	176.039768	4:31:49	3	1000000	10	10	20	3
COLO829_SR_phred20	short	4	191	72	9913	3870	13	2	1042	14912	78.07329843	53521	1.380421178	44	11936694.hpcpbs02	171.362684	4:21:50	3	1000000	10	10	20	4
COLO829_SR_phred20	short	5	182	74	9304	3541	22	3.6	1598	14542.6	79.9043956	47276	2.688242703	47	11936696.hpcpbs02	159.616796	4:12:16	3	1000000	10	10	20	5
COLO829_SR_phred20	short	6	171	78	8751	3175	12	1.7	861	12878.7	75.31403509	48519	1.413795357	46	11936699.hpcpbs02   	136.803828	3:43:25	3	1000000	10	10	20	6
COLO829_SR_phred20	short	7	160	72	7048	2916	17	2.2	1173	11228.2	70.17625	51629	2.299146901	49	11936705.hpcpbs02	129.662756	3:15:44	3	1000000	10	10	20	7
COLO829_SR_phred20	short	8	146	72	5972	2310	11	1.5	618	8984.5	61.53767123	40331	1.642286345	50	11936706.hpcpbs02	115.93644	2:36:26	3	1000000	10	10	20	8
COLO829_SR_phred20	short	9	139	77	5608	2552	96	19	13269	21621	155.5467626	41392	14.86112942	48	11936707.hpcpbs02	113.44344	6:08:43	3	1000000	10	10	20	9
COLO829_SR_phred20	short	10	134	61	4498	2061	10	1.4	853	7484.4	55.85373134	41337	1.079725913	63	11936713.hpcpbs02	110.479348	2:11:19	3	1000000	10	10	20	10
COLO829_SR_phred20	short	11	136	68	5156	2168	11	1.9	730	8134.9	59.81544118	44493	0.967158421	48	11936717.hpcpbs02	111.445652	2:21:09	3	1000000	10	10	20	11
COLO829_SR_phred20	short	12	134	74	5767	2534	8	1	423	8807	65.7238806	43374	0.6066483394	52	11936720.hpcpbs02	107.98932	2:32:23	3	1000000	10	10	20	12
COLO829_SR_phred20	short	13	115	71	3843	1567	72	13	8750	14316	124.4869565	32245	6.901184899	43	11936723.hpcpbs02	94.147144	4:03:36	3	1000000	10	10	20	13
COLO829_SR_phred20	short	14	108	70	3578	1478	68	12.7	6524	11730.7	108.6175926	25537	7.664398792	65	11936724.hpcpbs02	85.978016	3:20:59	3	1000000	10	10	20	14
COLO829_SR_phred20	short	15	102	67	3382	1809	88	17.2	10014	15377.2	150.7568627	30126	8.409088961	50	11936725.hpcpbs02	84.335516	4:20:45	3	1000000	10	10	20	15
COLO829_SR_phred20	short	16	91	67	2926	1260	49	8.4	5707	10017.4	110.0813187	29468	4.638003273	49	11936727.hpcpbs02	76.468952	2:50:54	3	1000000	10	10	20	16
COLO829_SR_phred20	short	17	84	72	2854	1474	22	3.1	1082	5507.1	65.56071429	30607	1.771820532	51	11936728.hpcpbs02	67.556548	1:34:33	3	1000000	10	10	20	17
COLO829_SR_phred20	short	18	81	74	2765	1321	15	1.9	654	4830.9	59.64074074	30467	1.187766106	53	11936735.hpcpbs02	65.030032	1:22:43	3	1000000	10	10	20	18
COLO829_SR_phred20	short	19	59	69	1788	946	15	2.8	570	3390.8	57.47118644	22119	1.32612044	53	11936736.hpcpbs02	47.770284	0:58:28	3	1000000	10	10	20	19
COLO829_SR_phred20	short	20	65	72	2216	1217	12	1.9	490	4008.9	61.67538462	22192	1.011886655	54	11936741.hpcpbs02	53.06052	1:08:49	3	1000000	10	10	20	20
COLO829_SR_phred20	short	21	47	68	1378	819	54	11.2	2784	5114.2	108.812766	13774	4.710369037	54	11936742.hpcpbs02	40.017072	1:26:35	3	1000000	10	10	20	21
COLO829_SR_phred20	short	22	51	73	1460	879	71	15.7	3604	6102.7	119.6607843	14368	6.050231012	54	11936743.hpcpbs02	41.110056	1:43:29	3	1000000	10	10	20	22
COLO829_SR_phred20	short	X	157	69	5006	2324	32	4.8	3782	11217.8	71.45095541	65985	4.748034802	45	11937402.hpcpbs02	123.339276	3:15:53	3	1000000	10	10	20	X
COLO829_SR_phred20	short	Y	58	61	979	562	139	26	5664	7431	128.1206897	8537	69.02699694	63	11937407.hpcpbs02	45.656668	2:05:53	3	1000000	10	10	20	Y
COLO829_SR_phred20	short	WG	3102	1692	128582	53203	946	171.3	95861	280455.3	90.41112186	929779				2563.909836	81:09:31	3	1000000	10	10	20	WG